name,github_score,leetcode_score,repo1_score,repo2_score,income,final_score,github_weight,leetcode_weight,repo1_weight,repo2_weight,income_weight
ViMaL010,16.18,1.439,77.32499887593363,77.32499887593363,10000.0,64.6103506463293,0.15471326176244582,0.12764260714933,0.21700110830540442,0.21700110830540442,0.2836419144774154
ViMaL010,16.18,1.439,77.32499887593363,77.32499887593363,10000.0,64.6103506463293,0.15471326176244582,0.12764260714933,0.21700110830540442,0.21700110830540442,0.2836419144774154
ViMaL010,16.18,1.439,77.32499887593363,77.71867965402784,10000.0,64.6928837766729,0.15467036062147035,0.12763879165230507,0.2167960816874994,0.21751800076387742,0.2833767652748477
ViMaL010,16.18,1.439,77.32499887593363,77.71867965402784,10000.0,64.6928837766729,0.15467036062147035,0.12763879165230507,0.2167960816874994,0.21751800076387742,0.2833767652748477
ViMaL010,16.54,1.439,77.32499887593363,77.32499887593363,85000.0,64.62306603476574,0.15533426402985542,0.1276391176504814,0.2168135992751417,0.2168135992751417,0.28339941976937977
ViMaL010,16.54,1.439,77.32499887593363,77.32499887593363,85000.0,64.62306603476574,0.15533426402985542,0.1276391176504814,0.2168135992751417,0.2168135992751417,0.28339941976937977
ViMaL010,16.54,1.439,77.32499887593363,77.32499887593363,85000.0,64.62306603476574,0.15533426402985542,0.1276391176504814,0.2168135992751417,0.2168135992751417,0.28339941976937977
ViMaL010,16.54,1.439,77.32499887593363,77.32499887593363,85000.0,64.62306603476574,0.15533426402985542,0.1276391176504814,0.2168135992751417,0.2168135992751417,0.28339941976937977
